manufacturer,dest,avg(arr_delay),avg(dep_time),avg(dep_delay)
BOEING,IAH,0.8686,1127.1761,8.6668
BOEING,MIA,-2.4606,1024.4966,8.8376
AIRBUS,BQN,7.9179,1038.5430,7.4119
BOEING,ATL,10.2393,1285.3853,11.3456
CANADAIR,IAD,16.6284,1250.0617,18.2897
AIRBUS,MCO,10.3423,1369.2758,14.1200
AIRBUS,PBI,11.8285,1308.0501,14.3684
AIRBUS,TPA,11.7021,1325.8293,13.1139
BOEING,LAX,-1.7688,1377.7985,7.7312
AIRBUS,BOS,4.1616,1530.9166,10.3664
AIRBUS,FLL,9.9710,1297.2527,12.8940
"MCDONNELL DOUGLAS AIRCRAFT CO",MSP,8.0723,1217.8151,11.7923
AIRBUS,RSW,8.4254,1208.6319,9.5830
AIRBUS,SJU,9.6388,1250.0330,12.8449
"AIRBUS INDUSTRIE",IAH,1.9890,1130.8244,9.7805
AIRBUS,PHX,2.3907,1326.2896,10.0382
BOEING,BWI,-7.8667,1160.5333,3.2000
AIRBUS,BUF,3.6329,1273.7241,6.1468
BOEING,DEN,6.0781,1298.1351,13.3973
AIRBUS,LAS,1.4559,1261.8772,8.2555
EMBRAER,MSY,12.5347,1490.5334,14.8986
"AIRBUS INDUSTRIE",PBI,4.6148,1249.3096,8.5279
BOEING,SLC,-4.9913,1302.0901,5.3256
BOEING,SFO,0.8729,1268.5426,9.2734
"MCDONNELL DOUGLAS AIRCRAFT CO",MIA,2.9751,1366.9092,12.1470
"AIRBUS INDUSTRIE",FLL,10.2444,1292.3231,12.3650
AIRBUS,LAX,1.8923,1340.3725,10.0632
"MCDONNELL DOUGLAS CORPORATION",DTW,3.3118,1345.8191,7.7447
BOEING,ORD,14.4884,1332.4074,22.1622
BOEING,MKE,6.9083,1238.5695,15.4140
AIRBUS,SFO,5.1055,1390.2794,16.8357
EMBRAER,ROC,10.2744,1534.4007,12.6533
AIRBUS,SYR,1.0565,1018.7903,3.0403
AIRBUS,SRQ,3.7024,1115.5332,5.4022
BOEING,SEA,-6.0625,1373.7276,7.2101
"AIRBUS INDUSTRIE",MCO,4.3275,1241.3930,9.5168
AIRBUS,CLT,4.1979,1268.5542,5.8931
"MCDONNELL DOUGLAS AIRCRAFT CO",ATL,6.3258,1365.9990,10.6827
"AIRBUS INDUSTRIE",MSP,0.8975,1245.2148,8.8325
"MCDONNELL DOUGLAS AIRCRAFT CO",MCO,4.7911,1361.7747,12.2171
EMBRAER,CLT,11.1367,1266.8373,13.1752
"BOMBARDIER INC",MSP,9.1806,1425.0589,21.8193
AIRBUS,DEN,15.2203,1591.6814,17.6642
EMBRAER,PIT,17.1609,1201.9770,19.4023
"AIRBUS INDUSTRIE",BOS,-4.4711,1281.6050,3.9904
BOEING,SJU,-6.0700,1295.2337,6.2050
"AIRBUS INDUSTRIE",SAN,-5.7013,1215.3636,3.8701
EMBRAER,CLE,21.0305,1760.0773,27.1740
"AIRBUS INDUSTRIE",CLT,2.6786,1121.3915,4.7370
"MCDONNELL DOUGLAS",STL,5.1722,1421.3597,8.0816
EMBRAER,JAX,9.9612,1429.6843,13.0982
EMBRAER,ORD,13.9136,1433.3528,19.0951
"AIRBUS INDUSTRIE",DEN,7.2897,1275.9365,13.1386
"GULFSTREAM AEROSPACE",CLE,4.8077,1118.4906,6.2264
"MCDONNELL DOUGLAS AIRCRAFT CO",DTW,10.2890,1444.0182,16.1740
EMBRAER,TPA,15.0545,1252.6652,12.7738
AIRBUS,HNL,-6.9152,948.7602,4.9006
"AIRBUS INDUSTRIE",DTW,-1.9741,1257.0964,5.8880
CESSNA,DTW,-3.7273,1352.8182,-0.2955
EMBRAER,AUS,13.9661,1418.3051,14.2669
EMBRAER,BTV,8.2851,1406.7088,10.3610
EMBRAER,PHL,5.5992,1007.4906,2.6679
"MCDONNELL DOUGLAS",DFW,-3.6198,1144.8829,4.6146
EMBRAER,RDU,12.9962,1349.1756,15.9847
EMBRAER,IAD,12.9705,1319.6644,15.8255
"MCDONNELL DOUGLAS AIRCRAFT CO",RSW,-10.1898,1586.0725,7.2681
"CIRRUS DESIGN CORP",FLL,7.0233,1214.0465,10.3256
"AIRBUS INDUSTRIE",ORD,5.9407,1256.7817,13.1772
"AIRBUS INDUSTRIE",BUF,2.9324,1312.1351,5.0946
BOEING,MDW,11.0501,1314.5920,19.8244
"MCDONNELL DOUGLAS AIRCRAFT CO",TPA,12.7251,1597.3001,20.6501
"MCDONNELL DOUGLAS CORPORATION",SRQ,-2.5200,1053.5200,6.3600
EMBRAER,PWM,7.2790,1458.8943,11.6398
"MCDONNELL DOUGLAS AIRCRAFT CO",FLL,-0.4738,1195.6249,7.8548
BOEING,LAS,-3.5710,1408.4481,6.2106
"MCDONNELL DOUGLAS",ORD,-2.1118,1278.7960,7.9065
EMBRAER,DCA,0.3139,1340.9673,4.1673
"AIRBUS INDUSTRIE",MIA,1.4294,1322.6304,8.8721
BOEING,STL,7.1945,1219.3151,15.9948
AIRBUS,MSP,3.1214,1207.5072,11.1063
"MCDONNELL DOUGLAS CORPORATION",PBI,22.6531,1321.3878,25.2449
BOEING,CAK,19.6983,1529.9976,20.8209
EMBRAER,HOU,8.1846,1293.5985,10.7400
PIPER,STL,-11.0000,1398.0000,-5.8333
AIRBUS,MSY,-0.1269,1303.8547,7.5440
EMBRAER,BUF,11.0731,1487.1132,14.0079
EMBRAER,BOS,1.7541,1388.8703,4.7708
AIRBUS,LGB,-0.3535,1574.3679,10.9271
"GULFSTREAM AEROSPACE",RDU,3.6358,1286.7829,4.0197
"ROBINSON HELICOPTER CO",MCO,8.4865,1503.2973,11.6486
"AIRBUS INDUSTRIE",ATL,12.8386,1493.3752,17.6691
"AIRBUS INDUSTRIE",SRQ,6.7963,1105.1019,11.5556
"BOMBARDIER INC",MEM,0.9496,1085.9329,15.1966
"AIRBUS INDUSTRIE",SEA,20.7067,1424.1600,24.0267
"AIRBUS INDUSTRIE",RSW,8.9794,1273.6070,8.8446
CESSNA,CLE,-2.0714,1288.1429,1.2500
"BOMBARDIER INC",IAD,11.5379,1432.1138,15.4753
AIRBUS,BUR,7.8722,1754.7093,13.2364
"AIRBUS INDUSTRIE",DCA,6.6033,1334.8469,5.0754
"BOMBARDIER INC",BUF,5.4371,1439.3886,14.9919
EMBRAER,FLL,29.2400,1748.6200,33.0120
"BOMBARDIER INC",SYR,10.1090,1722.6943,19.6369
"MCDONNELL DOUGLAS AIRCRAFT CO",PBI,2.4727,1273.0931,8.7748
"BOMBARDIER INC",ROC,7.3402,1337.4066,15.3320
EMBRAER,SRQ,4.2143,1063.5546,9.1387
"BOMBARDIER INC",BWI,8.7313,1565.4817,17.4659
BOEING,MCO,-0.8598,1423.4011,8.4973
BOEING,SAN,-1.5060,1413.9560,7.5854
"AIRBUS INDUSTRIE",CLE,0.8478,1553.0217,10.0507
"BOMBARDIER INC",ORD,13.3198,1443.3626,23.5808
"BOMBARDIER INC",IND,2.8912,1448.1105,14.4370
"BOMBARDIER INC",BNA,8.4282,1470.5174,18.6089
"BOMBARDIER INC",BOS,5.6647,1341.4384,14.7570
"BOMBARDIER INC",PIT,7.6244,1345.9164,14.8649
"BOMBARDIER INC",PHL,12.6774,1479.1474,17.8537
"AIRBUS INDUSTRIE",MCI,-6.7381,1513.1667,9.7143
EMBRAER,SYR,9.9626,1526.2357,14.7980
AIRBUS,SAN,2.1275,1253.0891,8.2364
"AIRBUS INDUSTRIE",AUS,9.5798,1609.8760,16.0744
"PAIR MIKE E",SAN,3.0000,1727.0000,2.0000
EMBRAER,RSW,15.1878,1555.9065,19.0234
BOEING,PDX,4.2473,1731.0088,14.8621
"BOMBARDIER INC",RDU,9.4261,1552.1639,20.1513
"MCDONNELL DOUGLAS CORPORATION",TPA,10.2045,1574.8295,16.4773
"GULFSTREAM AEROSPACE",BNA,49.5263,1897.4737,41.6842
AIRBUS,SJC,4.2327,1852.6945,10.4800
"BOMBARDIER INC",DTW,9.2200,1318.8687,22.8249
"BOMBARDIER INC",CHS,4.9527,1399.7083,15.9827
"BOMBARDIER INC",MSY,5.1796,1431.4396,19.2802
"AIRBUS INDUSTRIE",OAK,0.9250,1804.6750,14.3750
AIRBUS,SLC,13.8717,1929.4539,19.0559
CESSNA,RDU,5.6622,1494.5811,6.0811
BOEING,PHX,-3.5000,1670.9657,10.6824
AIRBUS,SMF,10.0086,1943.3906,17.2103
"BOMBARDIER INC",DFW,9.2825,1649.7946,19.2730
"BOMBARDIER INC",JAX,8.1682,1591.4929,19.7464
"AIRBUS INDUSTRIE",SAT,7.2239,1869.4677,23.7463
"BOMBARDIER INC",CLE,21.3089,1769.7871,25.1968
"BOMBARDIER INC",CVG,13.2086,1730.5618,24.3159
BOEING,FLL,-3.2768,1717.4834,10.6023
PIPER,ORD,-6.8393,1309.5179,5.5536
"BOMBARDIER INC",DCA,0.0722,1466.6644,14.7904
AIRBUS,PDX,12.3184,2051.8513,17.2528
EMBRAER,SJU,17.9222,2140.9333,26.8222
"AIRBUS INDUSTRIE",TPA,4.4981,1338.3129,8.9749
"BARKER JACK L",FLL,6.2667,1243.5333,9.3000
AIRBUS,PSE,8.8977,1424.6667,11.2908
CESSNA,MIA,-3.8889,1306.7857,5.0714
AIRBUS,IAH,2.5055,1180.2903,10.9892
AIRBUS,DTW,-3.3109,1206.9732,5.5313
"AIRBUS INDUSTRIE",CVG,-1.6667,811.3333,-6.6667
"AIRBUS INDUSTRIE",SYR,-2.1429,975.5238,2.8095
"LAMBERT RICHARD",ORD,12.3600,1362.6923,13.6923
"CIRRUS DESIGN CORP",SRQ,19.2000,1092.4000,-1.8000
BOEING,TPA,-13.9481,836.5130,-1.2104
"MCDONNELL DOUGLAS AIRCRAFT CO",SRQ,-2.6968,1050.7871,4.3742
"MCDONNELL DOUGLAS CORPORATION",FLL,0.7458,1138.2288,8.9915
"MCDONNELL DOUGLAS CORPORATION",MSP,6.0441,1221.8248,11.4891
"AIRBUS INDUSTRIE",MEM,0.8182,1421.6636,8.1455
"GULFSTREAM AEROSPACE",CMH,2.5647,1381.3256,2.4419
"BOMBARDIER INC",GRR,-2.1250,1005.6341,2.1220
"AIRBUS INDUSTRIE",MSY,1.1780,1383.9955,8.1581
AIRBUS,SEA,5.1002,1408.4825,9.3077
"BOMBARDIER INC",CLT,14.9046,1542.1069,22.0480
"CIRRUS DESIGN CORP",PBI,6.0952,1250.0000,2.0476
AIRBUS,MCI,-7.8684,1464.9474,1.9211
"BOMBARDIER INC",ORF,9.0402,1591.5503,15.2066
"BOMBARDIER INC",RIC,7.4979,1558.9754,17.3806
"GULFSTREAM AEROSPACE",SFO,62.7500,1556.2500,57.5000
"GULFSTREAM AEROSPACE",XNA,5.9792,1298.6122,9.1224
AIRBUS,CVG,-10.0000,1655.0000,0.0000
AIRBUS,AUS,8.6771,1516.1523,14.5215
BOEING,EGE,21.2857,1729.5238,28.5714
"AIRBUS INDUSTRIE",BTV,4.6154,1808.6923,12.1538
"MCDONNELL DOUGLAS CORPORATION",MCO,-0.3167,1345.6792,8.0167
BOEING,DTW,4.7500,1386.2321,12.3393
"AIRBUS INDUSTRIE",PIT,-5.1375,1859.1500,14.4875
AIRBUS,OAK,3.3725,1771.4375,13.1172
"AIRBUS INDUSTRIE",LAS,7.1762,1415.3575,11.1399
"AIRBUS INDUSTRIE",SMF,24.5938,1961.0000,24.4063
"BOMBARDIER INC",SAT,-10.2059,1704.7647,17.7059
"BOMBARDIER INC",TYS,3.8943,2006.8943,12.7057
"AIRBUS INDUSTRIE",PDX,17.5581,2027.4186,18.2326
CESSNA,CMH,3.8571,1426.6905,5.4286
"BOMBARDIER INC",BHM,16.8773,1943.6397,29.6949
AIRBUS,PWM,-3.6364,1797.8409,7.5000
"BARKER JACK L",SYR,-5.5000,1132.5000,-2.7500
"AIRBUS INDUSTRIE",SFO,11.4262,1491.7742,26.8871
CESSNA,ORD,6.7042,1310.9437,13.5211
AIRBUS,MEM,2.8955,1455.2537,9.0547
AIRBUS,BTV,8.0935,1820.8224,11.1869
"CIRRUS DESIGN CORP",MCO,4.7143,1397.8333,7.9524
AIRBUS,ORD,8.4789,1185.7002,12.1818
BOEING,CLE,14.5667,1593.1467,25.8867
"AIRBUS INDUSTRIE",SLC,9.4340,1862.2453,14.6981
"MCDONNELL DOUGLAS AIRCRAFT CO",PWM,28.0000,2240.0000,41.0000
CESSNA,DFW,10.1250,1144.1250,17.5625
"BOMBARDIER INC",ATL,4.8889,638.4909,4.2182
AIRBUS,ATL,3.0944,1319.2650,6.2350
CESSNA,BNA,14.2500,1433.2439,13.2683
AIRBUS,MIA,-3.4465,1221.9686,6.1855
"AIRBUS INDUSTRIE",PHX,2.2203,1247.7093,8.6520
"AIRBUS INDUSTRIE",PWM,2.4184,1908.1735,14.6888
"BARKER JACK L",LAS,20.2000,1156.8000,16.2000
"AIRBUS INDUSTRIE",SJU,9.9824,1234.5211,14.1162
"CANADAIR LTD",RDU,2.2105,1412.3421,6.5263
BOEING,STT,-14.0000,871.2667,12.8333
BOEING,EYW,6.3529,1023.9412,3.6471
AIRBUS,PSP,-12.7222,1051.5000,-2.9444
CESSNA,STL,4.5882,1374.1176,9.8235
"GULFSTREAM AEROSPACE",DTW,2.9888,1282.0111,6.4000
EMBRAER,PBI,7.3426,1225.5556,8.4630
"AIRBUS INDUSTRIE",PHL,9.2688,1127.6774,6.7634
BEECH,SJU,-10.3333,1686.0000,7.6667
"BOMBARDIER INC",GSO,5.8143,1438.8271,19.4302
"BOMBARDIER INC",CMH,7.1515,1363.6600,16.1400
"AIRBUS INDUSTRIE",LGB,5.3214,1545.0952,13.5238
"ROBINSON HELICOPTER CO",LAS,7.8750,1593.6250,18.5000
"AMERICAN AIRCRAFT INC",ORD,-9.2000,1302.3000,6.9000
BOEING,BNA,11.4203,1417.1354,23.2285
"LEBLANC GLENN T",STL,18.0000,1092.5000,3.0000
BEECH,MIA,4.5500,1320.9500,15.7500
"MCDONNELL DOUGLAS",MSP,27.6667,1190.6667,25.6667
CESSNA,SFO,8.8421,1312.8421,13.8947
AIRBUS,PIT,-7.0169,1887.0169,9.2542
"LEBLANC GLENN T",ORD,-5.7826,1233.6087,6.0000
"CANADAIR LTD",DCA,12.5000,1404.7368,13.2895
AIRBUS,PHL,-2.0000,610.0000,10.0000
"ROBINSON HELICOPTER CO",RSW,-1.0909,1091.8182,2.6364
AIRBUS,ROC,7.3094,1439.8058,11.7050
"AIRBUS INDUSTRIE",BQN,3.1190,1067.1765,3.9529
"CIRRUS DESIGN CORP",TPA,34.0000,1186.0667,34.4000
"BARKER JACK L",SJU,25.7895,1460.3684,29.1579
"CIRRUS DESIGN CORP",DEN,-12.0000,2128.0000,-2.0000
"AMERICAN AIRCRAFT INC",DFW,-26.4000,932.2000,-2.8000
"BARKER JACK L",ROC,-13.0000,1704.0000,-2.0000
"AMERICAN AIRCRAFT INC",STL,-11.6667,1743.0000,3.0000
"ROBINSON HELICOPTER CO",FLL,3.0000,1459.8837,7.9535
"MCDONNELL DOUGLAS CORPORATION",MIA,10.9821,1302.4107,16.9643
"ROBINSON HELICOPTER CO",BTV,0.0000,1763.0000,9.0000
"BARKER JACK L",SJC,23.0000,1868.5000,16.0000
CESSNA,SJU,9.7273,1669.8182,19.3636
AIRBUS,JAX,-3.0000,958.8989,3.5618
PIPER,DFW,-4.8750,1114.1765,4.7647
"STEWART MACO",ORD,-14.6364,1227.7273,-0.9091
"BARKER JACK L",SLC,-8.0000,1919.6667,2.6667
"AIRBUS INDUSTRIE",PSE,0.3571,1628.1905,1.3810
"AIRBUS INDUSTRIE",LAX,0.2596,1394.9048,8.6190
DEHAVILLAND,ORD,-8.6667,1206.5000,1.9167
"AVIAT AIRCRAFT INC",SFO,-16.9000,1004.7000,-4.3000
"CIRRUS DESIGN CORP",MSY,12.2857,1142.4286,9.7143
"BARKER JACK L",SAN,0.8750,1159.6250,9.2500
"BARKER JACK L",MSY,-3.2000,993.0000,0.4000
"MARZ BARRY",DFW,-6.7143,1061.7500,-7.0000
CESSNA,XNA,17.5000,1250.9167,-0.3333
"CIRRUS DESIGN CORP",SMF,17.0000,1955.0000,27.8000
"AIRBUS INDUSTRIE",ROC,2.2000,1494.1500,6.3500
"GULFSTREAM AEROSPACE",CRW,10.1000,1878.3000,13.3000
"CIRRUS DESIGN CORP",SJU,8.5238,1269.2381,12.8095
BOEING,MSP,8.3175,1036.7619,12.8730
"GULFSTREAM AEROSPACE",MIA,34.7143,1577.4286,46.2857
BOEING,BOS,13.7313,1384.7910,18.5224
"FRIEDEMANN JON",DFW,4.0000,1113.0000,8.5556
"ROBINSON HELICOPTER CO",ROC,-6.0000,1710.0000,4.0000
"MCDONNELL DOUGLAS CORPORATION",RSW,-8.2500,1437.2500,-2.7500
CESSNA,EGE,-3.0000,1692.6667,6.0000
"AGUSTA SPA",MIA,30.9412,1648.8824,32.2941
"AIRBUS INDUSTRIE",SJC,3.0833,1854.6944,11.3333
"BARKER JACK L",PHX,15.3333,1940.1667,16.6667
"CANADAIR LTD",CLE,2.0000,1276.0000,-1.5000
"CANADAIR LTD",BNA,-14.0000,1622.0000,-8.0000
"CIRRUS DESIGN CORP",BTV,-11.6667,1902.0000,-1.0000
BEECH,SFO,-0.2500,1251.5833,9.0833
"BARKER JACK L",MCO,17.4595,1332.6486,19.7838
"ROBINSON HELICOPTER CO",PSE,-18.0000,2348.0000,-11.0000
"KILDALL GARY",STL,-1.9000,1266.6000,-6.8000
"CANADAIR LTD",DTW,22.4000,1285.0000,20.0000
"CANADAIR LTD",XNA,25.0000,984.6667,18.0000
"ROBINSON HELICOPTER CO",DEN,9.0000,2152.5000,17.5000
"KILDALL GARY",DFW,-2.2857,1299.7143,1.8571
"ROBINSON HELICOPTER CO",SYR,-8.0000,751.0000,-6.0000
"CANADAIR LTD",CMH,1.2000,1413.6000,-3.2000
"KILDALL GARY",ORD,-5.0385,1184.7692,4.5385
"ROBINSON HELICOPTER CO",BUF,3.0000,1317.0000,-2.0000
"BARKER JACK L",BQN,7.3333,1150.3333,0.6667
"ROBINSON HELICOPTER CO",MSY,5.5000,1030.2500,20.2500
"BARKER JACK L",BOS,-11.5000,967.5000,-4.0000
"PAIR MIKE E",MIA,4.0000,1580.4286,18.4286
BELL,SFO,34.5625,1307.3125,37.0000
"AIRBUS INDUSTRIE",BUR,11.6364,1767.1818,15.6591
"PAIR MIKE E",SFO,1.9412,1146.2941,7.4706
"ROBINSON HELICOPTER CO",SJU,8.7500,970.2500,13.5625
AIRBUS,IAD,16.0000,1338.5000,12.2500
CESSNA,DCA,92.8750,1420.6250,78.1250
"LEARJET INC",SFO,-4.4286,1341.5000,2.2143
"HURLEY JAMES LARRY",ORD,-10.6667,1625.1667,-4.0000
"LAMBERT RICHARD",DFW,-18.7143,1077.4286,-6.8571
"LAMBERT RICHARD",STL,-15.3333,1438.4444,-2.1111
"ROBINSON HELICOPTER CO",BOS,-1.1000,1465.8000,5.5000
"BARKER JACK L",PBI,17.5882,1399.3529,19.8235
DOUGLAS,SFO,10.6923,1184.2308,3.8462
"LEBLANC GLENN T",DFW,17.5000,819.0000,16.5000
"STEWART MACO",STL,-11.2000,1721.0000,1.0000
"LEARJET INC",MIA,12.6000,1690.0000,7.6000
BELL,ORD,17.7647,1258.5294,21.8235
AIRBUS,BNA,-27.0000,1601.0000,-4.0000
"AVIAT AIRCRAFT INC",MIA,46.8333,1731.0000,43.5714
CESSNA,CRW,19.5000,1882.5000,17.5000
BOEING,HOU,0.8396,1081.5425,10.4340
EMBRAER,CHS,5.4689,1092.4607,6.3344
"BOMBARDIER INC",RSW,-7.2239,812.3134,6.2985
"BOMBARDIER INC",STL,-23.0000,884.3333,-4.3333
"BOMBARDIER INC",BTV,2.5993,1229.4729,15.7617
"BOMBARDIER INC",SAV,-10.5147,981.4118,3.0588
"BOMBARDIER INC",SDF,-0.2760,1064.4627,7.5294
"BOMBARDIER INC",DAY,-4.9474,1281.2180,6.0698
"BOMBARDIER INC",SRQ,1.9429,1050.8019,12.8302
EMBRAER,ACK,4.8523,1032.6642,6.4566
"BOMBARDIER INC",BGR,8.0279,1689.7167,19.4750
AIRBUS,HOU,5.3958,1335.3542,8.6250
"BOMBARDIER INC",MSN,15.2891,1675.2642,27.1179
"STEWART MACO",SFO,3.0000,1467.1111,3.7778
"BOMBARDIER INC",MCI,3.9981,1551.3127,19.1798
"MCDONNELL DOUGLAS CORPORATION",ATL,8.9132,1331.0793,13.2655
BOEING,AUS,0.0990,1639.2956,9.0493
"BOMBARDIER INC",OMA,14.0000,1819.6044,27.7363
"BOMBARDIER INC",MKE,11.8224,1610.4783,16.7453
"BOMBARDIER INC",DSM,5.6842,1963.6963,17.2222
AIRBUS,SAT,10.1354,1864.3958,25.9583
"BOMBARDIER INC",GSP,0.3469,1847.3673,8.2347
AIRBUS,ABQ,5.6699,2007.6411,14.6220
"BOMBARDIER INC",ILM,4.6355,1973.8426,19.4167
"ROBINSON HELICOPTER CO",TPA,6.8095,1468.8095,13.1429
"CIRRUS DESIGN CORP",SFO,1.0000,1469.7500,6.5000
CESSNA,CLT,14.7742,1462.1613,17.1290
EMBRAER,MVY,1.8069,1418.2653,8.3810
"FRIEDEMANN JON",ORD,13.5758,1192.3143,25.5143
SIKORSKY,MIA,-10.0000,1324.2727,8.9091
CESSNA,MSP,10.0588,1256.2353,8.2941
"AGUSTA SPA",SFO,30.2857,1155.8571,32.6429
"MARZ BARRY",ORD,2.7619,1213.3810,10.5714
CESSNA,ATL,18.1463,1264.2683,12.8537
"STEWART MACO",MIA,1.2727,1651.9091,20.7273
"ROBINSON HELICOPTER CO",BQN,-6.0000,1753.6667,-2.3333
"BARKER JACK L",SRQ,-9.8571,994.1429,-2.1429
BOEING,PIT,-8.4773,1500.8182,1.6591
"BOMBARDIER INC",PWM,6.0500,1068.2250,17.4250
"BARKER JACK L",RSW,-2.1250,1352.2500,7.5000
"ROBINSON HELICOPTER CO",PBI,35.0556,1271.6111,33.8889
"CIRRUS DESIGN CORP",SAN,-5.6000,1348.2000,8.2000
"ROBINSON HELICOPTER CO",AUS,-1.2000,1187.0000,9.8000
"AIRBUS INDUSTRIE",HOU,-19.0000,1309.4444,0.5556
SIKORSKY,SFO,7.0000,1066.3333,3.0000
DOUGLAS,MIA,-5.7500,1594.8750,9.8750
CESSNA,MCO,22.7143,1051.1429,22.5714
"AIRBUS INDUSTRIE",JAX,-4.0588,1146.8824,-0.1176
"FRIEDEMANN JON",STL,1.4000,1389.4000,7.6000
CESSNA,LAS,39.5000,1591.0000,62.0000
"CIRRUS DESIGN CORP",HOU,-10.0000,1348.0000,3.0000
"BARKER JACK L",PDX,14.3333,2050.0000,5.6667
BOEING,DFW,50.0000,1440.5000,73.0000
"CIRRUS DESIGN CORP",PDX,69.6667,2174.3333,67.3333
BOEING,SAT,3.0000,2047.4000,19.4000
BELL,STL,-15.4000,1393.4000,-7.4000
"AIRBUS INDUSTRIE",ABQ,-7.6552,2001.3448,11.4138
"CIRRUS DESIGN CORP",LAS,8.8333,1102.6667,8.0000
"CIRRUS DESIGN CORP",SJC,-5.7500,1860.5000,3.0000
"ROBINSON HELICOPTER CO",LAX,21.5000,938.8333,26.0000
"ROBINSON HELICOPTER CO",PHX,8.6667,1843.6667,9.6667
"CIRRUS DESIGN CORP",LGB,-26.2500,1346.2500,-2.0000
"BOMBARDIER INC",SBN,14.5000,1952.1667,31.3333
"ROBINSON HELICOPTER CO",SFO,9.9000,1442.5000,25.3000
"BARKER JACK L",TPA,12.0000,1432.0000,10.2857
BOEING,CLT,56.3333,1348.5000,55.8333
PIPER,MIA,10.7143,1604.8571,21.5000
DEHAVILLAND,STL,-8.5714,1216.5714,-6.4286
"MCDONNELL DOUGLAS",BOS,-29.5000,1599.5000,-5.5000
"BARKER JACK L",LAX,20.1250,1463.0000,15.1250
"BARKER JACK L",SFO,-28.0000,1716.0000,-5.0000
"CIRRUS DESIGN CORP",ABQ,-3.0000,1957.0000,-3.5000
"BARKER JACK L",LGB,2.1667,1517.0000,12.6667
"AIRBUS INDUSTRIE",STL,-8.0000,1519.0000,20.0000
BOEING,MSY,-16.7500,1258.2500,-2.2500
"BOMBARDIER INC",TPA,-18.3333,787.3333,-4.3333
"MCDONNELL DOUGLAS AIRCRAFT CO",BOS,10.6875,2042.2449,18.6735
EMBRAER,MCO,2.0645,900.1613,5.6452
AIRBUS,CHS,85.0000,1227.0000,90.0000
AIRBUS,RDU,45.6667,1803.0000,43.6667
"MCDONNELL DOUGLAS CORPORATION",BOS,18.5714,2091.7143,26.0000
"MCDONNELL DOUGLAS",ATL,22.6667,1403.5833,22.9167
"CIRRUS DESIGN CORP",SEA,126.0000,1789.0000,114.5000
"CIRRUS DESIGN CORP",ROC,-6.0000,1159.3333,-2.3333
"BARKER JACK L",BUR,-19.6667,1727.6667,-2.6667
"ROBINSON HELICOPTER CO",ABQ,6.0000,2017.0000,17.0000
"BOMBARDIER INC",LEX,-22.0000,2026.0000,-9.0000
AIRBUS,CLE,25.7500,1591.5000,34.3333
"MCDONNELL DOUGLAS",DTW,-18.0000,1531.2500,-2.2500
"BARKER JACK L",ORD,6.0000,654.5000,1.0000
SIKORSKY,SJU,-22.0000,802.0000,-3.0000
"CIRRUS DESIGN CORP",RSW,-7.9375,1002.6250,-3.8125
"CIRRUS DESIGN CORP",AUS,1.3333,1869.5000,7.1667
"CIRRUS DESIGN CORP",BQN,7.7500,728.7500,2.0000
PIPER,SFO,-2.0667,1500.8000,4.1333
"BARKER JACK L",ABQ,38.0000,2013.5000,9.5000
"BARKER JACK L",JAX,7.0000,1509.0000,14.0000
"BARKER JACK L",DEN,27.0000,2164.6667,24.3333
"MCDONNELL DOUGLAS AIRCRAFT CO",MSY,64.6667,1511.5000,75.5000
"BARKER JACK L",PSE,17.2500,1797.0000,19.0000
"BOMBARDIER INC",MHT,17.5278,1836.2685,24.0370
"BOMBARDIER INC",CAE,19.6667,1685.5833,29.5000
"BARKER JACK L",SMF,0.5000,1939.5000,3.5000
"MCDONNELL DOUGLAS AIRCRAFT CO",JAX,-6.0000,2029.0000,-1.0000
BOEING,JAC,11.0000,805.0000,5.0000
"CIRRUS DESIGN CORP",ORD,19.0000,695.0000,21.5000
"AVIONS MARCEL DASSAULT",CLT,-10.2500,1584.0000,-6.0000
"ROBINSON HELICOPTER CO",LGB,-5.3333,1672.3333,8.0000
"BOMBARDIER INC",AUS,-3.5000,1694.0000,19.0000
"ROBINSON HELICOPTER CO",SLC,69.7500,2048.7500,73.7500
"ROBINSON HELICOPTER CO",SAN,5.2500,1298.0000,14.7500
"CIRRUS DESIGN CORP",BUR,-10.0000,1656.0000,1.0000
"BARKER JACK L",BUF,100.0000,1704.0000,125.0000
BEECH,EGE,223.0000,2102.0000,242.0000
"ROBINSON HELICOPTER CO",SRQ,-9.8000,978.0000,-1.0000
"MARZ BARRY",STL,-2.0000,1491.6667,-10.0000
"BARKER JACK L",CLT,-4.0000,1648.0000,18.0000
"CIRRUS DESIGN CORP",BOS,18.6667,2255.3333,17.0000
"GULFSTREAM AEROSPACE",BOS,0.0000,812.0000,2.0000
BEECH,SAN,-13.0000,1726.0000,1.0000
DOUGLAS,SAN,-16.0000,1727.0000,2.0000
"BARKER JACK L",BTV,0.5000,1764.5000,14.5000
"AIRBUS INDUSTRIE",IAD,-7.0000,1506.2500,1.7500
"BOMBARDIER INC",CHO,9.5000,2057.4783,21.3913
"BOMBARDIER INC",PBI,40.6667,1090.3333,48.6667
BELL,DFW,-24.0000,915.3333,-6.3333
"CIRRUS DESIGN CORP",JAX,-7.0000,1123.3333,-5.0000
PIPER,SAN,-13.0000,1723.0000,-2.0000
BELL,MIA,-1.3333,1402.8333,0.5000
CESSNA,SAN,-5.2500,1745.2500,10.2500
BELL,SAN,-29.0000,1719.0000,-6.0000
"STEWART MACO",DFW,12.8750,1138.1250,16.8750
"ROBINSON HELICOPTER CO",JAX,10.0000,1402.0000,2.0000
"CIRRUS DESIGN CORP",SYR,-12.0000,726.0000,-4.0000
"MCDONNELL DOUGLAS",MIA,51.5000,1634.0000,49.0000
"CIRRUS DESIGN CORP",PSE,32.3333,1630.6667,34.3333
"ROBINSON HELICOPTER CO",SMF,27.0000,1956.0000,43.5000
"CIRRUS DESIGN CORP",BUF,-15.0000,921.0000,-4.0000
"AVIAT AIRCRAFT INC",SAN,97.0000,1914.0000,109.0000
"AIRBUS INDUSTRIE",RDU,-6.0000,912.0000,-5.0000
"JOHN G HESS",ATL,-3.3333,1148.3333,-2.6667
"CIRRUS DESIGN CORP",LAX,-3.0000,1152.0000,2.6667
"ROBINSON HELICOPTER CO",OAK,43.7500,1875.2500,22.7500
"BOMBARDIER INC",AVL,-12.1000,974.3000,-2.6000
"MCDONNELL DOUGLAS",TPA,-18.0000,1225.5000,-5.7500
"MCDONNELL DOUGLAS AIRCRAFT CO",MEM,-8.5000,1380.0000,5.0000
"ROBINSON HELICOPTER CO",BUR,-11.6667,1772.3333,10.6667
"HURLEY JAMES LARRY",STL,15.0000,917.0000,-8.0000
"HURLEY JAMES LARRY",DFW,-10.5000,1426.5000,-6.0000
BOEING,PBI,9.0204,1566.6480,15.6939
BOEING,OMA,-10.0000,1454.0000,-6.0000
BOEING,PHL,-7.0000,1739.0000,1.5000
"BARKER JACK L",OAK,-54.0000,1657.0000,-3.0000
"BARKER JACK L",RDU,138.0000,1922.0000,112.0000
"CIRRUS DESIGN CORP",PHX,7.5000,2049.7500,18.5000
"MCDONNELL DOUGLAS",MCO,97.0000,1508.0000,-7.0000
"MCDONNELL DOUGLAS CORPORATION",PWM,13.0000,1834.0000,29.0000
BEECH,MCO,0.0000,671.3333,-2.0000
"CIRRUS DESIGN CORP",OAK,-18.0000,1710.0000,10.0000
"BARKER JACK L",AUS,82.0000,2122.5000,54.5000
"BOMBARDIER INC",MVY,-4.9538,917.9394,4.0909
"AIRBUS INDUSTRIE",IND,-17.0000,1732.0000,-3.0000
AIRBUS,IND,-36.0000,1008.0000,-2.0000
"ROBINSON HELICOPTER CO",PDX,-9.0000,2038.0000,-2.0000
"BOMBARDIER INC",XNA,119.0000,1211.0000,71.0000
"GULFSTREAM AEROSPACE",DCA,73.0000,1843.0000,103.0000
DEHAVILLAND,DFW,-18.3333,1045.0000,-5.0000
"MCDONNELL DOUGLAS AIRCRAFT CO",AUS,24.0000,1655.0000,-5.0000
"MCDONNELL DOUGLAS CORPORATION",PIT,44.5000,2045.7857,40.8571
"MCDONNELL DOUGLAS AIRCRAFT CO",PIT,41.7500,1999.2885,44.8077
"BOMBARDIER INC",MYR,-3.0000,1427.3333,0.6667
"BOMBARDIER INC",TVC,16.8750,1260.6250,33.0000
"CANADAIR LTD",TVC,15.0000,1456.0000,-9.0000
"GULFSTREAM AEROSPACE",TVC,29.0000,1677.3333,24.8333
"BARKER JACK L",SEA,41.0000,938.0000,37.0000
SIKORSKY,BOS,6.5000,1077.5000,20.0000
"GULFSTREAM AEROSPACE",CLT,47.0000,1629.0000,64.0000
"ROBINSON HELICOPTER CO",ORD,-2.0000,646.0000,-1.0000
"ROBINSON HELICOPTER CO",SJC,-33.0000,1902.0000,7.0000
BOEING,MEM,-15.0000,602.0000,-3.0000
BEECH,LAS,-3.0000,1000.3333,-3.0000
CANADAIR,ORF,75.0000,1656.0000,71.0000
